<?xml version="1.0" encoding="UTF-8" ?>
<templates xml:space="preserve">

<t t-name="mail_custom_module.Chatter" t-inherit="mail.Chatter" t-inherit-mode="extension"  >


<xpath expr="//button[contains(@class,'o-mail-Chatter-sendMessage')]" position="after">

<button t-if="props.hasMessageList" class="o-mail-Chatter-sendMessage btn text-nowrap me-1"
    t-att-class="{
        'btn-primary': state.composerType == 'sms',
        'btn-secondary': state.composerType !== 'sms' ,
        'active': state.composerType === 'sms',
        'my-2': !props.compactHeight
    }"
    t-att-disabled="!state.thread.hasWriteAccess and !(state.thread.hasReadAccess and state.thread.canPostOnReadonly) and props.threadId"
    data-hotkey="m"
    t-on-click="() => this.toggleComposer('sms')">
    Send SMS
</button>
<button t-if="props.hasMessageList" class="o-mail-Chatter-sendMessage btn text-nowrap me-1"
    t-att-class="{
        'btn-primary': state.composerType == 'whatsapp',
        'btn-secondary': state.composerType !== 'whatsapp' ,
        'active': state.composerType === 'whatsapp',
        'my-2': !props.compactHeight
    }"
    t-att-disabled="!state.thread.hasWriteAccess and !(state.thread.hasReadAccess and state.thread.canPostOnReadonly) and props.threadId"
    data-hotkey="m"
    t-on-click="() => this.toggleComposer('whatsapp')">
    Send Whatsapp
</button>

</xpath>

</t>


</templates>